id_obra,Primeiro obra_nome,Primeiro latitude,Primeiro longitude
1,OBRA TESTE,'-23.446108,'-46.704552
71,Cantareira,'-23.4350132,'-46.581617
77,TENDA EUCALIPTOS,'-23.654941129463,'-46.605253666534
78,UNC Consolação,'-23.506267782465,'-46.611575054526
79,Klasse Alto da Boa Vista,'-23.5863566,'-46.695412651804
81,Imarés,'-23.574774283469,'-46.783702392953
83,Infinity,'-23.435805006242,'-46.582658984057
84,Iconyc,'-23.598786013027,'-46.64920621444405
85,Vila Das Belezas 3,'-23.617238743433,'-46.708186738185
89,Dez São Miguel,'-23.511917814531,'-46.432160614812
90,Dez Gamelinha,'-23.560306750981,'-46.484702184306
91,AR Ibirapuera,'-23.600553,'-46.6533962
92,Vivaz Sacomã,'-23.648582730448258,'-46.599028249685475
93,Posto FullGás,'-23.630919701039,'-46.675735188187
94,Dez Cursino,'-23.5502275,'-46.605739407632
95,Marques Construtora -> Vila das Belezas,'-23.6266013,'-46.7460474
97,Vista Alto da Lapa,'-23.560515540468,'-46.674828981731
99,Urban Barra Funda,'-23.36073429121,'-46.206093131898
100,Arky Cayowaa,'-23.531098119458,'-46.678343821804
101,Dez Tatuapé,'-23.36073429121,'-46.206093131898
102,Cerejeira,'-23.576053128069,'-46.433949446295
106,MV Itatiaia,'-23.632913886898,'-46.640377333856
107,Vivaz Estação Belém,'-23.546368633267,'-46.593623566098
114,On The Parc,'-23.6007007,'-46.6537017
116,Topázio,'-23.5800101,'-46.7802724
117,Vivaz Vila Prudente (F),'-23.5800101,'-46.5837448
118,Dez Miguel Yunes,'-23.6908371,'-46.6867007
119,Verde Hortifruti,'-23.542628966149,'-46.75192250393
120,Tamareiras,'-23.571804349408,'-46.451196
123,Alto de Itaquera,'-23.559860909744,'-46.435651693868
124,Dez Canindé,'-23.52095421018,'-46.451212560116
125,Casaviva Pirituba,'-23.4853667,'-46.7238786
127,Side Ipiranga,'-23.602848246668,'-46.606265165093
131,Meu Mundo Mooca,'-23.56094884059,'-46.608186352203
133,Praça Faria Lima,'-23.5952655,'-46.6788337
134,On Loefgren,'-23.599596683193,'-46.6381787
136,João Moura,'-23.548135032194,'-46.688765738348
140,OY Campo Belo,'-23.617506795689,'-46.677404000557
141,Chez Perdizes,'-23.532778033674,'-46.676572959721355
142,Eusebio,'-23.571404460454,'-46.694940033874
144,Bauhaus,'-23.560106699656,'-46.68040108778
145,Spazio Saint Gregory,'-23.577401503546,'-46.439272043643
146,Belvedere,'-23.558798295655,'-46.768019744569
147,UR Agua Espraida,'-23.6421942,'-46.6604002
148,UR Cachoeira,'-23.64379918973,'-46.748640116669
149,Brooklin,'-23.624721652736,'-46.689902354856
150,Neo Brooklin,'-23.6262799,'-46.690641554553
151,Cupece,'-23.6814892,'-46.6363285
152,Vivaz Socorro II,'-23.670738178527483,'-46.71205696411219
153,OLOS - Safira,'-23.580169290852,'-46.779924131923
155,Oscar Itaim,'-23.5782688,'-46.67262038802
156,Normandie,'-23.607473194263,'-46.670406253205
157,High Line,'-23.565615068165,'-46.655662124993
158,Jha Boutique,'-23.586526895308,'-46.677764409236
159,OLOS - Raposo 23,'-23.590134458486,'-46.832497251047
160,Solaris,'-23.415894543414,'-46.807108103503
161,San Felippo,'-23.619338639503,'-46.759835877408
162,Go Inn,'-23.543235120263,'-46.645282840082
163,Vila Nair,'-23.603954402972,'-46.605764192537
164,Teg Corazza,'-23.510102015791,'-46.699190557765
165,Morumbi,'-23.615383791478,'-46.709650277486
166,Terrazo Morumbi,'-23.6235149,'-46.7267109
167,Antonio Gil,'-23.667176890991,'-46.67450163638
168,Cambuci,'-23.5567555,'-46.6203043
169,Hub,'-23.6483885,'-46.7013371
171,Rita Joana,'-23.613758087368,'-46.672678819271
172,Santana,'-23.475134,'-46.6381033
173,Mérito Sabará,'-23.6707844228172,'-46.688231502558
176,Rodoanel,'-23.562294937943,'-46.819463045669
177,Teg Mooca,'-23.549794938784,'-46.608804051683
178,Santana Parnaiba,'-23.429172729466,'-46.865082188138
179,Mérito Vila Maria,'-23.4903162,'-46.5892707
180,Serra das Araras,'-23.5772006,'-46.5249873
181,Alenza Cambuí,'-22.8912943,'-47.0507569
182,Coelho de Carvalho,'-23.5367112,'-46.7163907
183,NAU Vila Mariana,'-23.5869195,'-46.6286451
185,Vivaz Prime Laguna,'-23.637026486367382,'-46.716638140816116
186,Plato Perdizes,'-23.5304064,'-46.683549
187,Forte São Matheus,'-23.477468088568234,'-46.448658646245
188,Onze de Junho,'-23.6012897,'-46.6487352
189,Invert Campo Belo,'-23.6158992,'-46.6722381
190,Visconde de Guaratiba,'-23.5993074,'-46.6190354
191,Coriolano,'-23.52589665436,'-46.6975446
192,Cidade Mooca,'-23.554288056067,'-46.6119057
193,Dez Jardim,'-23.639907273912,'-46.51467830836736
194,São Quirino,'-23.513013946899,'-46.6005157
196,Viva Barra Funda,'-23.5107499,'-46.6689493
198,Viva Benx Pompeia,'-23.5306643,'-46.68514099999999
199,Portugal,'-23.6141501,'-46.6808082
200,João Lourenço,'-23.5907788,'-46.6676642
201,For You Moema,'-23.6089496,'-46.669386
202,Allegro Campo Limpo,'-23.6419252,'-46.76901429999999
203,Solar dos Montes,'-23.5828795,'-46.31142
204,Residencial Vivence,'-23.59156,'-46.7932268
205,OLOS - São João,'-23.5868513,'-46.773005
206,Vivaz Prime João de Luca,'-23.6576779,'-46.6646605
207,Dez Ipiranga,'-23.5950323,'-46.5937269
208,OLOS - Tamareiras,'-23.5719325,'-46.4514473
209,OLOS - Ouro Preto,'-23.5892459,'-46.495801
210,Residencial Versatti,'-23.545831273693,'-46.394625404937
211,Arruda Alvim,'-23.5533247,'-46.6754887
212,Viva Sapopemba,'-23.655969616221,'-46.515841318223
213,Vibe Campo Belo,'-23.6194065,'-46.68112259999999
214,SBR Valinhos,'-23.0062998,'-47.03314839999999
216,Luiz Gatti,'-23.5124446,'-46.6973619
217,Azalea,'-23.6066396,'-46.6388719
218,Clari Pinheiros,'-23.5627461,'-46.6758566
220,São João - Borra de Concreto,'-23.5119527,'-46.8168838
221,Vibe Pinheiros,'-23.5661642,'-46.69395919999999
222,AMA,'-23.6712391,'-46.6983947
223,Viva Benx Casa do Ator,'-23.5966573,'-46.6836452
224,Vila de Fatima,'-23.5757743,'-46.7375482
225,Benx Brigadeiro,'-23.5814674,'-46.6652426
227,Arcos Itaim,'-23.5960942,'-46.675177
228,Shopping Center Norte,'-23.5133255,'-46.6183475
229,Parque Global,'-23.624720060973733,'-46.7122617542469
230,Cortesia Concreto (Usina),'-23.5705974,'-46.7624624
231,Consórcio Paulista,'-23.435912982292212,'-46.740566410450725
233,UP Imirim,'-23.479605,'-46.6594629
234,Balkon,'-23.615351,'-46.673167
235,Buritis,'-23.570060150582094,'-46.448937610914044
236,Condessa da Penha,'-23.5201267,'-46.5554187
237,OLOS - Onix,'-23.5748436,'-46.7826132
238,Usinas SP,'-23.41061092677632,'-46.73434982920889
240,Engemix - Cotia,'-23.5911918,'-46.8253216
241,Engemix - ABC,'-23.652459265411544,'-46.51122750424405
242,Engemix - Jurubatuba,'-23.6745945,'-46.6958333
244,Vivaz Prime Santa Cecilia,'-23.510494005984793,'-46.6572727
245,Vibe Vila Olimpia,'-23.601501705261516,'-46.68045436662272
246,On Jardins,'-23.5583191,'-46.6659018
247,VB Conceição,'-23.6312405,'-46.6399128
248,Tobias Barreto,'-23.553147943375457,'-46.590712330688476
249,VB Vila Olimpia,'-23.59708,'-46.6894395
250,For You Perdizes,'-23.536898726801855,'-46.66866898889853
251,Vivaz Prime Vila Prudente,'-23.5823576,'-46.5784751
252,Living Alto do Ipiranga,'-23.5992696,'-46.613889
253,For You Paraiso,'-23.57623123557664,'-46.63942428001592
254,Rivera,'-23.5736718,'-46.3451415
256,Viva Socorro,'-23.6795346,'-46.7064062
257,EMBU - Mogi das Cruzes,'-23.43949,'-46.10914
258,Projeto Yara Cubatão,'-23.842345,'-46.3770019
259,Safira,'-23.580047,'-46.780351
260,HM 61 Guaianases,'-23.5630287,'-46.402496
261,Living Duett Mooca,'-23.57210493260725,'-46.586004643531794
266,Urban Tatuapé,'-23.5348444,'-46.5600239
268,Square Panamby,'-23.485208,'-46.7239775
270,Siemens Mobility,'-23.3599949,'-46.2060798
271,Silver Lyne Pirituba,'-23.48801,'-46.726018
272,338 - Bosque Pitangueiras,'-23.512028201121502,'-46.67061671186738
274,Lorena,'-23.5612679,'-46.6689888
275,San Noah,'-23.661752,'-46.783392
277,Wasaki Engenharia,'-23.3150023,'-45.8074246
279,Estação Campo Belo,'-23.518679527808995,'-46.67978659040774
280,Nordestina,'-23.5108633,'-46.431061
281,HM 69 Mogi das Cruzes,'-23.495199,'-46.2161445
282,Connect São Matheus,'-23.5976885,'-46.47104969999999
283,Brooklin Arcoenge,'-23.6268997,'-46.6826103
284,Carneiro da Cunha,'-23.6161724,'-46.6369203
285,HM 81 Smart Capao Redondo,'-23.6626203,'-46.7676546
286,Le Jardin By Yoo,'-23.5610933,'-46.6756556
287,Polimix Barueri,'-23.553877047362604,'-46.67552126887984
291,Usina Serveng Barueri,'-23.499952266172915,'-46.925510950595175
293,Oratório,'-23.544569,'-46.53916599999999
294,Brasílio Machado,'-23.6780283,'-46.7082656
295,Energy Guarulhos,'-23.4743474,'-46.52501729999999
296,339 - Reserva das Figueiras,'-23.512028201121502,'-46.67061671186738
297,Único Santo André,'-23.6566495,'-46.5538573
298,Elo Santo André,'-23.6715142,'-46.5155888
299,Siena,'-23.558177808205233,'-46.33209535069579
300,Area Impressorão,'-23.5497205,'-46.4745374
301,Casa São Paulo,'-23.5509355,'-46.712387
302,Viva Vila Prudente,'-23.5866234,'-46.5871722
304,Dez Celeste,'-23.6553231,'-46.6085147
306,Cidade Jaguaré,'-23.5379462,'-46.7489569
307,Colibri,'-23.5216563,'-46.2288659
309,Galpão C3 Perus - FASE 01,'-23.402791,'-46.7241519
310,JFL - Torre Renda - FASE 01,'-23.5618453,'-46.6684468
311,Conexão Morato,'-23.5876004,'-46.67550509228254
312,Guedala Park,'-23.5836941,'-46.7159802
315,Engemix - Santo Amaro,'-23.6665299,'-46.7227559
316,OBRA TESTE FRETES,'-23.5953265,'-46.6907212
317,Vivaz Penha fase 2 (carga seca),'-23.2088283,'-46.4717573
318,Living Unique Freguesia do Ó (carga seca),'-23.4194869,'-46.4241612
319,Cyrela Oscar Freire II (carga seca),'-23.2088283,'-46.2188188
322,Living Blend (carga seca),'-22.901346578819613,'-46.74308629999999
324,Living Full Faria Lima (carga Seca),'-23.2006563,'-46.4600358
325,Living Full V. Nova Conceição (carga seca),'-23.4194869,'-46.4241612
326,Living Gran Exclusive Freguesia do Ó (carga seca),'-23.1744955,'-46.4241612
344,Cyrela Casa Ibirapuera (carga seca),'-23.4096859,'-46.4000841
346,Cyrela Eden Corporate (carga seca),'-22.901346578819613,'-46.4000841
363,Vivaz Estação São Lucas (carga seca),'-23.2020593,'-46.4241612
365,AR.QUE,'-23.5455768,'-46.6472237
366,Vivaz Freguesia do Ó (carga seca),'-23.2009088,'-46.4714957
371,Vivaz Prime Belém (carga seca),'-23.225368851196393,'-46.4712603
372,Vivaz Prime Belenzinho (carga seca),'-23.2020593,'-46.4311208
375,Vivaz Prime Rio Bonito 1 (carga seca),'-23.4464044,'-46.6924801
376,Vivaz Prime Rio Bonito 2 (carga seca),'-23.5416343,'-46.5971763
377,Vivaz Prime Santa Cecília (carga seca),'-22.627974,'-46.4418418
379,Vivaz Prime V. Nova Cachoeirinha 1 (carga seca),'-23.474417,'-46.4717573
380,Vivaz Prime V. Nova Cachoeirinha 2 (carga seca),'-23.4666194,'-46.4600358
381,Vivaz Prime V. Prudente (carga seca),'-23.119368,'-46.4717573
382,Vivaz Prime Voluntários da Pátria (carga seca),'-22.903183323414197,'-46.46965837022249
383,Vivaz Vila Ema (carga seca),'-23.1751112,'-46.4331875
386,Cortesia Jaguaré,'-23.5636564,'-46.7505412
387,Eco ponto (carga seca),'-23.5872815,'-46.6742539
388,Hesa 193,'-23.766545496505834,'-46.67550509228254
389,Moema By Yoo,'-23.61172034673902,'-46.66718583319438
390,Cidade Central,'-23.5397502,'-46.6280955
391,Galpão C3 Perus - FASE 02,'-23.402593,'-46.7262358
393,The Place Barra Funda,'-23.5180974,'-46.6280955
394,AR.QUE (carga seca),'-22.9397387,'-46.132815266901126
395,Nossa Senhora do Ó,'-23.5046766,'-46.6933896
396,Nascente Dunas,'-23.4759183,'-46.7278639
397,BTEC - Ayrton Senna,'-23.4428586,'-46.2668693
398,Hectare Anália Franco,'-23.563470827069054,'-46.564914522753895
399,Guido Caloi,'-23.66218440864064,'-46.72521768042601
400,Residencial Olimpia,'-23.586464,'-46.813026
401,Engemix - Osasco,'-23.5266123,'-46.76012950000001
402,Hospital Sabará,'-23.564313031089313,'-46.67953035246195
403,Poente do Campo,'-23.4735275,'-46.7275099
404,Nadir Figueiredo,'-23.5194812,'-46.5975129
405,Cotia Mall,'-23.600442496519353,'-46.899657650780384
406,Vivaz Penha fase 3 (carga seca),'-23.4194869,'-46.4241612
407,Pascoal Vita,'-23.5517541,'-46.6976543
408,217 - Recanto Oliveiras,'-23.512028201121502,'-46.67061671186738
409,Grand Wish Jardim,'-23.6445946,'-46.5350013
410,Mérito Santo Amaro,'-23.6472459177825,'-46.71575409858036
411,Dez Miguel Yunes Exclusive - (carga seca),'-23.362054221677678,'-46.246915277132494
412,Square Panamby (carga seca),'-23.361845,'-46.2465171
413,Living United Ipiranga Sorocabanos (carga seca),'-22.8994085,'-46.3832568
414,Dez Limão,'-23.5003811,'-46.66979670000001
415,Living Grand Wish Jardim (carga seca),'-22.901346578819613,'-46.4241612
416,Living Brooklin Bridge (carga seca),'-22.901346578819613,'-46.4241612
417,Living Infinity Nova Klabin (carga seca),'-22.903183323414197,'-46.4241612
418,Vivaz Penha,'-23.3599949,'-46.2060798
419,Elo Santo André (carga seca),'-23.4543316,'-46.5028104
420,Cidade Mooca San Pietro (carga seca),'-23.4188289,'-46.3982554
421,CYRELA - ESCRITÓRIO PAULISTA,'-23.4845774,'-46.6537127
424,Estrada Itapecerica II,'-23.645042,'-46.74550199999999
425,Adolfo Pinheiro,'-23.651747272658092,'-46.7054933384087
426,Dez Limão (carga seca),'-23.4416814,'-46.3322203
427,Estação Tolstói,'-23.570060150582094,'-46.448937610914044
432,EGTC - GUIDO CALOI (carga seca),'-23.480764107840162,'-46.5719496
433,Cyrela Mandarim The Legend (carga seca),'-22.903183323414197,'-46.4241612
434,Cyrela Pacific Belém (Fretes),'-23.1536209,'-46.4241612
435,Living Only Ipiranga (carga seca),'-23.2088283,'-46.4241612
436,Oscar Freire 1560,'-23.55803353757658,'-46.673609253052014
438,Bueno Brandão,'-23.5910814,'-46.6711896
439,Guido Parque Nações Unidas (Carga seca),'-23.361845,'-46.2465171
440,Luca Ambiental,'-23.63611,'-46.5403972
441,Guido Parque Santo Amaro (Carga seca),'-23.262239,'-46.4179085
442,JFL - Torre Renda - FASE 02,'-23.5619308,'-46.6679696
443,CD AW (Carga Seca),'-23.5242965,'-46.600867
444,Live Campo Limpo,'-23.6477539,'-46.7574343
445,Zip Brooklin,'-23.6196787,'-46.6974291
446,Cyrela Aura Moema (carga seca),'-23.2088283,'-46.4241612
447,Cyrela For You Perdizes (carga seca),'-22.8994085,'-46.5514383
448,Cyrela On The Sky (carga seca),'-23.4194869,'-46.4241612
449,Living Unique Saúde (carga seca),'-23.225368851196393,'-46.4418418
450,Vivaz Cantareira Fase 03 (carga seca),'-23.225368851196393,'-46.4241612
451,Vivaz Cantareira Fase 02 (carga seca),'-23.225368851196393,'-46.3818691
452,Vivaz Parque Freguesia do Ó - Lote 02 (Carga Seca),'-23.4194869,'-46.4241612
453,Vivaz Parque Prime Freguesia do Ó - Lote 03 (Carga Seca),'-23.4194869,'-46.4241612
454,Vivaz Prime Alto da Boa Vista (carga seca),'-23.2438445,'-46.4241612
455,Hi View,'-23.6473893,'-46.7050237
456,Vivaz Prime Alto do Ipiranga (carga seca),'-23.4194869,'-46.4241612
457,Fonseca Rodrigues,'-23.550228,'-46.5403972
458,JAGUARÉ - FRANCISCO CARLOS HIDEO UTIDA,'-23.5468797,'-46.7400859
459,Vivaz Prime Rio Bonito (carga seca),'-23.2009088,'-46.419993
460,Associacao Solidariedanca de Arte e Cultura,'-23.5959935,'-46.7400859
461,José Zappi,'-23.58035350180319,'-46.5850231805858
462,Vivaz Vila Prudente,'-23.5815771,'-46.5692485
463,Obra GPA (Carga Seca),'-23.5280104,'-46.6556704
465,Gutemberg,'-23.6301224,'-46.6707133
466,Vivaz Itaquera III,'-23.5490583,'-46.4734303
467,Biosquare,'-23.567033879873353,'-46.684010677815294
468,Cyrela Quattri Vila Mariana (carga seca),'-23.2088283,'-46.4241612
469,Vivaz Vila Prudente (carga seca),'-22.903183323414197,'-46.4241612
470,Esquina Jardyn (carga seca),'-23.3981943,'-46.426771
471,Merito Santo Amaro (Carga seca),'-23.340666094470386,'-46.2465171
472,Praça dos Amores,'-23.5961528,'-46.4780819
473,Gutemberg (carga seca),'-23.2160197,'-46.4015684
474,Fugulin Lote 01 (carga seca),'-23.2009088,'-46.4241612
475,Fugulin Lote 02 (carga seca),'-23.4038585,'-46.4241612
476,Fugulin Lote 03 (carga seca),'-23.2020593,'-46.4241612
479,Secret Garden Vila Mariana (Carga Seca),'-23.1503547,'-46.4241612
480,Bem Moema,'-23.60759613722641,'-46.668493850238775
481,Visconde de Guaratiba - II,'-23.5999437,'-46.6193795
482,Cyrela Eden Loteamento - KIBON (carga seca),'-23.5428319,'-46.5514383
483,Cyrela Casa Eden West (carga seca),'-23.225368851196393,'-46.4241612
485,Cyrela Casa Eden East (carga seca),'-23.4194869,'-46.4241612
526,Mais Vila Andrade (carga seca),'-23.4555884,'-46.4331875
528,Reserva Cidade Jardim - JHSF,'-23.5968025,'-46.5403972
529,MC Ipiranga II,'-23.63611,'-46.5403972
530,The Place Barra Funda - Fretes,'-23.340666094470386,'-46.3322203
531,378 - Bosque Cerejeiras,'-23.5198029,'-46.6801501
532,André Pereira de Souza Raduan - MPH Engenharia,'-23.591303312077205,'-46.66511454317532
535,Roberto Simonsen,'-23.5216563,'-46.2310874
536,Aurora,'-23.4974799,'-46.5488228
537,Eden by Dror West (carga seca),'-23.2088283,'-46.4241612
538,Vivaz Estação Sacomã (carga seca),'-22.896215,'-46.4241612
539,Marquise,'-23.5612357,'-46.6613962
540,Jauaperi,'-23.6071515,'-46.6695198
541,Vivaz Santa Marina II,'-23.4747267,'-46.5403972
542,Oliva PS-Life Residencial (fretes),'-22.9537325,'-46.5453209
543,Dasa Jaú (Carga Seca),'-23.5620245,'-46.6591526
544,Living Wellness Aclimação (Carga seca),'-23.207123562743238,'-46.4717573
545,Obra Allson's,'-23.4368055,'-46.4654317
546,Obra Anibal Tolosa Martirani (Carga Seca),'-23.5319748,'-46.6962933
551,Vila Triunfo (Carga Seca),'-23.3010599,'-47.65991
553,Vivaz Santa Marina II (Carga Seca),'-23.4194869,'-46.4241612
558,Cidade Mooca San Marco (Carga Seca),'-23.4406443,'-46.431061
560,Elabore Incorporação e ADM de Imoveis (Carga Seca),'-23.5961528,'-46.7433513
561,Alto São Domingos,'-23.4861421,'-46.7389455
563,Cidade Mooca Duomo (Carga Seca),'-23.4406443,'-46.49868439999999
564,Eden by Dror Corporate,'-23.625069,'-46.6916594
566,JBF Cotia Mall,'-23.6498276,'-46.8997822
567,378 - Bosque Cerejeiras (Carga Seca),'-23.206303060102798,'-46.4241612
568,VPR ENGENHARIA (Carga Seca),'-23.5804616,'-46.6669263
569,Mérito Barra Funda,'-23.4861421,'-46.6698442
570,The Edition By Living Vila Mariana (Carga Seca),'-21.9765896,'-46.4241612
571,Vivaz Prime Alto do Ipiranga,'-23.6030728,'-46.6153051
572,Escape Eden (Carga Seca),'-22.901346578819613,'-46.4241612
574,Galpão C3 Perus -  FASE 03,'-23.402749692484473,'-46.722923379233066
576,Vivaz Ermelino Matarazzo,'-23.483428760536366,'-46.46965837022249
578,194 - Reserva Flamboyant,'-23.5193059,'-46.6832625
579,Mérito Vila Mascote,'-23.653936960881083,'-46.666917263888806
580,KZ Park Nova Atlantica (Carga Seca),'-23.2088283,'-46.3982554
581,Living Full Pinheiros,'-23.565602188488775,'-46.69698824060998
582,Cidade Lapa,'-23.5128368,'-46.702398
586,Estrada Itapecerica II - Nova Toledo (Carga Seca),'-23.4543316,'-46.5028104
588,Fazenda da Grama,'-23.5959935,'-46.7400859
589,Barueri - Parque Da Cidade (Carga Seca),'-23.4929187,'-46.8339126
590,QG Faria Lima,'-23.567930158649087,'-46.692012633200335
591,N.A.U Vila Mariana (Carga Seca),'-23.587248788771305,'-46.62893419457729
592,QG Faria Lima (Fretes),'-23.4179061,'-46.1880048
593,YEP Pinheiros,'-23.566438236050953,'-46.5403972
595,YEP Pinheiros (Carga Seca),'-23.4179061,'-46.3982554
603,Helbor Patteo Vila Mariana (Carga Seca),'-20.050315,'-44.1828656
604,Vivaz Ermelino Matarazzo (Carga Seca),'-23.4194869,'-46.4241612
606,Best View Residencial (Carga Seca),'-23.2438445,'-47.0501393
607,NAU Klabin,'-23.590501,'-46.62866080000001
609,Mérito Barra Funda (Carga Seca),'-23.361845,'-46.2465171
610,Urban Vila Maria 1 - Nadir Figueiredo (Carga Seca),'-23.4406443,'-46.49868439999999
611,Plano & Alto Cantareira (Carga Seca),'-23.4038585,'-46.4331875
612,Hermantino Coelho II - Campinas,'-22.8532032,'-47.0473563
614,Dom Aguirre,'-23.63611,'-46.5403972
617,Start Joy - São Bernardo Do Campo (Carga Seca),'-22.8429584,'-46.28341229999999
619,Meu Plano & Parque Do Carmo - Italia Giusti Lote 2 (Carga Seca),'-23.5079366,'-46.45088070000001
621,Trigueirinho - Lote 1 (Carga Seca),'-22.9994971,'-46.4241612
622,Trigueirinho - Lote 2 (Carga Seca),'-22.9994971,'-46.4331875
623,Trigueirinho - Lote 3 (Carga Seca),'-22.9994971,'-46.41554499999999
624,Trigueirinho - Lote 4 (Carga Seca),'-22.9994971,'-46.4241612
625,Hermantino Coelho II - Campinas (Carga Seca),'-22.853311953147664,'-46.3322203
626,Jota,'-23.583076771033166,'-46.634717516466075
627,Mudança Diretoria (Carga Seca),'-23.5905072,'-46.6683738
628,Flora E Camargo,'-23.556540595009093,'-46.65260514633979
630,Metropolitan Vila Nova,'-23.589240358078037,'-46.67086405879396
631,Meu Plano & José Bonifácio (Lajeado),'-23.536506827260936,'-46.42557443942773
632,Meu Plano & São Miguel - Minucio Felix,'-23.517257585627956,'-46.44136647784304
633,Alegria Patteo Mogilar (Carga Seca),'-23.4188289,'-46.3982554
634,Mapp Barra Funda - Memorial Itamarati LT1 (Carga Seca),'-23.4038585,'-46.4331875
637,Faria Lima - Verisure (Carga Seca),'-23.59014277084544,'-46.68709587784304
638,Infinity Brooklin,'-23.6062936,'-46.69073849999999
640,Lorena Baltimore (Carga Seca),'-23.56075779149491,'-46.66919675879396
641,Living Full Pinheiros (Carga Seca),'-23.4194869,'-46.4241612
642,Plano & Alto Cantareira,'-23.3747019,'-46.3032654
643,Rosimport - Renato Sposato,'-23.5376958,'-46.6031634
645,Live Campo Limpo (Carga Seca),'-23.309659,'-46.2317086
647,Guedala Park - Fase 2 (Carga Seca),'-23.583703015913443,'-46.715724670376225
648,Guedala Park - Fase 3 (Carga Seca),'-23.58372522915963,'-46.71571379356594
649,Carneiro da Cunha (Carga Seca),'-23.51900349696021,'-46.635599
650,Dez Belenzinho (Carga Seca),'-23.4188289,'-46.3982554
652,Dez Belenzinho,'-23.531808305601867,'-46.60351334344972
657,339 - Reserva Figueiras,'-23.5196,'-46.680955
658,VSE Padre João - Metro Linha 02,'-23.3599949,'-46.2060798
659,Marin Esquadrias Metalicas (Carga Seca),'-23.4416527,'-46.5801911
662,João Dias (Luciano Silva),'-23.6447982,'-46.7440461
663,Parque Cidade Universitária - Corifeu II,'-23.5689193,'-46.7418191
664,Marechal Tito,'-23.3599949,'-46.2060798
665,360 Park View,'-23.5026823,'-46.7335557
669,Casa Gabrielle (Carga Seca),'-23.4194869,'-46.4241612
671,Volpi (Carga Seca),'-23.588996409724277,'-46.703916367392274
673,Merito João Dias (Carga Seca),'-23.361845,'-46.2465171
674,AVP Mauá,'-23.477008245478522,'-46.4405331
675,Parque São Rafael,'-23.3737869,'-46.7062407
676,Vivaz Parque Freguesia Do Ó Lote 1A - 7153 (Carga Seca),'-23.4194869,'-46.4241612
677,Vivaz Belenzinho (Fretes),'-23.4194869,'-46.4241612
678,Side Sacomã,'-23.60397940493208,'-46.605904074138195
679,San Miller (Roland Garros),'-23.47603355746419,'-46.567592616466094
681,Yunes Park (Carga Seca),'-23.361845,'-46.2465171
682,Legacy Paineiras (Carga Seca),'-22.9001292,'-46.3531714
683,Vivaz Connection Paulista (Carga Seca),'-23.225368851196393,'-46.4241612
685,Mérito Vila Mascote (Carga Seca),'-23.340666094470386,'-46.426771
686,Gio Jardins,'-23.562452439766414,'-46.67407541718371
687,Dez Butantã – Rio Pequeno,'-23.56298348848007,'-46.7472521291586
689,Enseada 360 Guaruja - Fase 1 (Carga Seca),'-22.8013021,'-46.23050626773924
690,Enseada 360 Guaruja - Fase 2 (Carga Seca),'-23.4073959,'-46.2302044
692,Living Palazzo Mooca (Carga Seca),'-23.2088283,'-46.4241612
693,Living Home Boutique Ipiranga (Carga Seca),'-22.901346578819613,'-46.4241612
694,Residencial Sou Special Moment,'-23.546191,'-46.299965
696,Raízes Jardim São Paulo,'-23.49267901744676,'-46.614636798282106
697,Éden Corporate,'-23.625545872629015,'-46.69178391464035
698,Vista Venezia - Gardena (Carga Seca),'-23.5317083,'-46.4717573
699,Vivaz Connection Mooca,'-23.547125,'-46.5403972
700,Arruda Alvim (Carga Seca),'-23.5184141,'-46.4311208
701,Mérito Guarulhos,'-23.4974799,'-46.5488228
702,HBR 73 Enxovia,'-23.4903162,'-46.9181671
703,Major Newton Feliciano - MNF,'-23.595858783772847,'-46.62384274501867
704,Mundo Park - Nossa Senhora Do Sabará - Lote 3 (Carga Seca),'-23.2009088,'-46.3322203
705,Mundo Park - Nossa Senhora Do Sabará -  Lote 5 (Carga Seca),'-23.4194869,'-46.4241612
706,Soul Miguel Yunes (Carga Seca),'-23.4032315,'-46.2940335
707,Vivaz Parque Tiquatira,'-23.5211102,'-46.5057049
708,Dez Butantã - Rio Pequeno (Carga Seca),'-23.2520474,'-45.9309913
709,Giovanni Gronchi - Casa Viva LT 2B (Carga Seca),'-15.803205462697537,'-47.97400398723582
711,Temfer Material de Construção LTDA (Carga Seca),'-23.6920408,'-46.6054207
712,Home Boutique Anália Franco (Carga Seca),'-23.4194869,'-46.4241612
713,360º Park View (Carga Seca),'-23.1907858,'-46.2465171
714,My Sacomã (Carga Seca),'-23.340666094470386,'-46.2465171
715,Vivaz Connection Klabin (Carga Seca),'-23.2088283,'-46.1515077
716,Living Full Berrini (Carga Seca),'-23.4194869,'-46.4241612
717,My Sacomã,'-23.6379647,'-46.5976653
718,Cidade Mooca Navona (Carga Seca),'-23.361845,'-46.2465171
723,Aura Pacaembu,'-23.537341,'-46.666899
724,Vivaz Clube Barra Funda (Carga Seca),'-23.4194869,'-46.4241612
725,Unni Bras - Alegria,'-23.549558552867964,'-46.615600798147575
726,Plano & Vila Ema (Nana),'-23.589610387189637,'-46.54142723971773
727,United Ipiranga - EP,'-23.57968736345714,'-46.60325036871329
728,Cyrela Aura Pacaembu (Carga Seca),'-22.901346578819613,'-46.4241612
729,Mérito Belenzinho (Carga Seca),'-23.340666094470386,'-46.2465171
730,Supreme Analia Franco,'-23.5540722,'-46.5773495
731,ML Brooklin,'-23.62742011279412,'-46.6910458167745
733,Ampere Brooklin (Carga Seca),'-19.6359609,'-43.9181162
734,Residencial Monet,'-23.411674714029985,'-46.39183907102806
735,The One Chacara Santo Antonio,'-23.6289601,'-46.71006329999999
736,Mérito Guarulhos (Carga Seca),'-23.4622477,'-46.3322203
737,Cidade Lapa Agua Branca (Carga Seca),'-23.340666094470386,'-46.426771
738,Apiacás,'-23.535643939154347,'-46.67775316437504
740,25H By Living (Carga Seca),'-23.4194869,'-46.4241612
741,JHSF Mall Faria Lima,'-23.5968025,'-46.69740909999999
743,Libbs Farmacêutica,'-23.622402,'-46.8216011
744,The One Chacara Santo Antonio (Carga Seca),'-23.340666094470386,'-46.29451315923277
745,Máximo Vila Mascote (Carga Seca),'-23.340666094470386,'-46.426771
746,Living High Line By Living (Carga Seca),'-23.4194869,'-46.4241612
747,Cidade Vila Lobos Sonata (Carga Seca),'-23.5402381,'-46.7159438
748,Living High Line,'-23.5683671,'-46.63746
749,Vivaz Connection Mooca (Carga Seca),'-23.4194869,'-46.4241612
750,Mérito Belenzinho,'-23.5128368,'-46.6036254
751,Polimix,'-23.48746614754066,'-46.919325500483524
752,Cult Vila Mariana (Carga Seca),'-22.9105489,'-46.1880048
753,Arte Santa Marina,'-23.5134383,'-46.6929323
754,Reserva Cidade Jardim (Carga Seca),'-23.5958966,'-46.6963662
755,Joaquim Floriano,'-23.584367825814176,'-46.67316658731329
757,PRF Usina Embu,'-23.603067492210364,'-46.85523323927945
758,Pedra Polimix,'-23.48729456764769,'-46.897001111476825
759,Residencial Ipês,'-23.5568507,'-46.4223113
760,On The Sky Bela Cintra,'-23.3878981,'-46.5403972
762,Cidade Mooca Venezia (Carga Seca),'-19.633972,'-43.9211637
763,Lazur Campinas (Carga Seca),'-22.8458467,'-46.3982554
766,Alves Guimarães - DOT.230,'-23.56009868788967,'-46.67514886559615
767,Cidade Vila Lobos Maestro (Carga Seca),'-23.340666094470386,'-46.2465171
768,Carrão,'-23.543678465526376,'-46.54097491114775
769,Plano & Vila Ema (Carga Seca),'-22.853311953147664,'-46.4250113849594
770,Lyne Campo Limpo (Carga seca),'-23.309659,'-46.2317086
771,On The Sky Bela Cintra (Carga Seca),'-23.537341,'-46.5787652
772,Full Vila Olimpia (Fretes),'-22.901346578819613,'-46.4241612
773,Trinity,'-23.596894395693678,'-46.644342397483825
774,Bios Santo Amaro,'-23.5689193,'-46.7418191
785,AVBN - Sabesp IAPI,'-23.512466,'-46.794633
786,AVBN - Sabesp Metalúrgicos,'-23.5638535,'-46.811827
787,AVBN - Sabesp IAPI (Carga Seca),'-23.512466,'-46.794633
788,Living Grand Resort By,'-23.63611,'-46.5350121
789,Sapopemba,'-23.612474361141658,'-46.47229911349182
790,Visconde de Guaratiba (Carga Seca),'-23.5997037,'-46.5765502
791,Capote Valente,'-23.554550976731523,'-46.67746696296239
793,Olivia Guedes II,'-23.60312780665853,'-46.70844200779572
794,Vivaz Selection Vila Prudente (Carga Seca),'-23.4194869,'-46.4241612
795,Joá Pinheiros (Carga Seca),'-23.5130417,'-46.1929976
796,Vision Penha (Fretes),'-23.5191598,'-46.5339945
797,Altus Vila Prudente (Carga Seca),'-23.5866911,'-46.5619258
798,Serena Residence (Carga Seca),'-23.4185354,'-46.5339945
799,Iconico Jaraguá (Carga Seca),'-23.5229019,'-46.5339945
800,Origem Itaquera (Carga Seca),'-22.8629068,'-46.4378723
801,Villagio Dos Eucaliptos (Carga Seca),'-21.137552,'-46.5339945
802,Arte Penha (Carga Seca),'-21.137552,'-46.50693829999999
803,Botanic (Carga Seca),'-23.5229019,'-46.5339945
804,Liberty Santo Amaro (Carga seca),'-23.6425713,'-46.7208056
805,Nostro Mooca (Carga Seca),'-23.5191598,'-46.5339945
806,Go Tatuapé (Carga Seca),'-23.4940547,'-46.4378723
814,Interlagos Reserva - Lote 01 (Carga seca),'-23.2009088,'-46.54142723971773
815,Interlagos Reserva - Lote 02 (Carga seca),'-23.2009088,'-46.4250113849594
816,Eden West,'-23.623615007896735,'-46.69132762087401
817,Vivaz Selection Laguna (Carga Seca),'-23.4194869,'-46.4241612
818,Cyrela Vista Milano (Carga Seca),'-23.5497384,'-46.6843094
819,Aeroporto de Congonhas,'-23.63095008338938,'-46.663664633677556
820,Vivaz Parque Freguesia Do Ó Lote 1B - 7100  Carga Seca),'-23.4194869,'-46.4241612
821,Mirae Bom Retiro,'-23.52423253049539,'-46.64407249930214
822,Tutto Jardim (Carga Seca),'-22.7491327,'-45.0945176
823,DUBAI TAP,'-23.5292317,'-46.7801148
827,Vivaz Ermelino Matarazzo 2 - 6952  (Carga Seca),'-23.4194869,'-46.4241612
828,Mirae Bom Retiro (Carga Seca),'-23.340666094470386,'-46.3322203
830,Boulevard Mooca Trilhos,'-23.5527329,'-46.6078765
831,Modern Mooca (Carga Seca),'-23.340666094470386,'-46.47044472202072
832,Vivaz Parque João Dias (Carga Seca),'-23.2088283,'-46.5057049
835,Like Campo Limpo (Carga Seca),'-23.309659,'-46.2317086
836,Bioma Center Norte,'-23.5143635,'-46.616318
837,Modern Mooca,'-23.5612043,'-46.616383
838,Portrait,'-23.5785479,'-46.6517379
839,Neo Sacomã (Carga Seca),'-23.340666094470386,'-46.47104969999999
840,Astro Santa Marina,'-23.5139918,'-46.6930971
841,Grand Vivaz Penha,'-23.5085355,'-46.55141
842,Living Grand Exclusive Tucuruvi (Fretes),'-22.901346578819613,'-46.564914522753895
843,Dias Vieira,'-23.5969208,'-46.7331078
844,Brooklin Senses,'-23.6125925,'-46.6884263
845,Living Grand Village Freguesia (Fretes),'-23.4935579,'-46.5526941
846,Vivaz Clube Barra Funda 2 (Fretes),'-23.4744853,'-46.5787652
847,Brooklin Senses By Cyrela (Fretes),'-23.5497384,'-46.6108834
849,One Parque Augusta,'-23.63611,'-46.5403972
850,The Palace Oasis (Fretes),'-23.4516512,'-46.5530964
851,Supreme Analia Franco (Fretes),'-23.4622477,'-46.3322203
853,Capitolo By Lissoni (Fretes),'-23.4194869,'-46.4241612
854,Plano & Alto Morumbi - Alexandre Benois (Fretes),'-23.2009088,'-46.4250113849594
855,Barô,'-23.540001014644307,'-46.654201177973945
859,Grand Exclusive Tucuruvi (Agregados),'-23.63611,'-46.5403972
860,Vila Lobos Maestro,'-23.549360404194378,'-46.73885295635728
861,Singular Butantã (Fretes),'-23.4622477,'-46.3322203
862,Vista Venezia (Agregados),'-23.3878981,'-46.5403972
863,Vivaz Parque Freguesia do Ó (Agregados),'-23.476086366360047,'-46.9056734077614
864,Vivaz Clube Barra Funda (Agregados),'-23.3878981,'-46.5403972
868,Mozae (Fretes),'-23.5332182,'-46.5636968
870,Inter Kazzas (Fretes),'-23.9421456,'-46.3374325
874,The Palace Royal (Fretes),'-23.2088283,'-46.5530964
875,Alto Chácara Santo Antônio (Fretes),'-23.340666094470386,'-46.5700449
876,Vivaz Estação Pirituba (Fretes),'-23.597381,'-46.617414
877,Cidade Lapa Pompeia (Fretes),'-23.5123999,'-46.7007993
878,Living Full Estaiada (Fretes),'-23.4516512,'-46.5530964
879,Imesc Barra Funda (Fretes),'-23.340666094470386,'-46.6929323
880,Vivaz Estação Pirituba (Agregados),'-23.3878981,'-46.7341517
881,Neo Sacomã,'-23.628572902961572,'-46.60124925044702
882,Praça Santo Antonio,'-23.5026823,'-46.7335557
883,Vivaz Parque João Dias (Agregados),'-23.7191009,'-46.756501
886,L1ne Parada Inglesa (Fretes),'-23.5229019,'-46.4378723
887,Brooklin  Bridge (Agregados),'-23.6498276,'-46.8997822
888,Engemais Sbc,'-23.742695030596714,'-46.61394680150439
889,Living Full Paulista (Fretes),'-23.2088283,'-46.5913485
891,Vivaz Estação Lapa (Fretes),'-23.4464044,'-46.5530964
892,AVBN - Sabesp Henkel,'-23.487122396543576,'-46.78382582839913
893,Alto Chacara Santo Antonio,'-23.630489866484027,'-46.709634107954265
894,The One Granja Julieta (Fretes),'-23.3166152,'-46.2261414
895,L1ne Praça da Arvore (Fretes),'-23.4869385,'-46.5595049
896,Vivaz Selection Vila Prudente 2 (Fretes),'-23.5188299,'-46.5434884
898,Astro Santa Marina (Fretes),'-23.4406443,'-46.49868439999999
899,Vivaz Selection Laguna (Agregados),'-23.7191009,'-46.756501
900,Epic Jardim Europa Design by Pininfarina (Fretes),'-23.5652665,'-46.6810835
903,Brooklin Senses (Agregados),'-23.7191009,'-46.756501
904,Portrait (Agregados),'-23.63611,'-46.5403972
905,Vivaz Parque Tiquatira (Agregados),'-23.3878981,'-46.5403972
907,Praça Santo Antonio (Fretes),'-23.6266002,'-46.493085
908,Praça Santo Antonio (Agregados),'-23.7191009,'-46.756501
910,Blue Marine,'-23.626193334713523,'-46.63911877497352
916,Residence Brooklin By Living,'-23.614271215297165,'-46.679315781787984
919,Shopping Guarulhos,'-23.4886731,'-46.5517044
921,Escape Eden,'-23.6256529,'-46.6919352
922,Epic Jardim Europa By Pinifarina,'-23.56518253662089,'-46.681608076548216
923,The Palace Oasis,'-23.585933531381322,'-46.63103933685215
924,Aeroporto de Congonhas -  Subestação GIS,'-23.62032220288162,'-46.65633412714772
926,Living Grand Resort By (Fretes),'-23.4494514,'-46.4641834
929,Arte Santa Marina (Fretes),'-23.5134383,'-46.6929323
932,Imesc Barra Funda (Agregados),'-23.63611,'-46.5403972
